{"B": -0.7236749219134584, "M": -Infinity, "E": -Infinity, "S": -1.1663557123398018}