{"B": {"B": -Infinity, "M": -1.9222122957251364, "E": -0.15815550155329267, "S": -Infinity}, "M": {"B": -Infinity, "M": -1.055543707377958, "E": -0.42771556978370073, "S": -Infinity}, "E": {"B": -0.721834650963709, "M": -Infinity, "E": -Infinity, "S": -0.665259782402731}, "S": {"B": -0.5612844504596188, "M": -Infinity, "E": -Infinity, "S": -0.8450772995503977}}