{"f": -5.465520249663974, "z": -7.0059652906111225, "n": -2.0926978474286577, "o": -9.203189867947343, "q": -8.392259651731013, "c": -2.8864765465879962, "ad": -5.870985357772138, "nx": -7.816895506827451, "vd": -9.490871940399122, "u": -8.392259651731013, "l": -4.684122381012662, "i": -5.585537923121773, "p": -2.2184735478290767, "nz": -5.228192063357807, "ns": -2.6981534714053437, "b": -5.353042266237283, "w": -2.521394602788989, "nr": -2.635814450417435, "r": -1.9294035501024476, "y": -10.589484229067233, "h": -10.589484229067233, "an": -8.024534871605695, "d": -3.427862226128045, "s": -5.691644429116321, "t": -2.6211647290545157, "v": -2.31742460685682, "k": -Infinity, "j": -4.266918989139948, "m": -2.9223259737480847, "e": -8.286899136073187, "nt": -4.035550825041422, "a": -4.318495797208933, "vn": -4.720187315933458}